classificacao;texto
1;Pessima...as recepcinistas s√£o velhas acho que est√£o cansadas de trabalhar...atendem a gente muito mal...levei meu filho bem mal depois de 2 horas e meia de espera voltei com meu filho pra casa sem atendimento.triste isso...
2;"Sempre cheio, a secret√°ria de sa√∫de deveria dar mais apoio a essa UPA. M√©dicos fazem o que podem com essa estrutura avalia√ß√£o demora e consulta tamb√©m. ""Curitiba, sa√∫de levada √† s√©rio"""
1;"Infelizmente foi a pior poss√≠vel, o dia inteiro ligando no telefone 3251-1013, telefone da UPA, para tirar d√∫vidas em rela√ß√£o ao agendamento para o teste de covid.
Local extremamente cheio, poucos m√©dicos.

Nenhum grupo ou um √∫nico profissional exclusivo para o atendimento ao Covid19, para testes.

Tresteza Curitiba"
1;P√©ssimo atendimento, recepcionista de cabelo curto e grisalho extremamente grossa e mal educada, s√≥ ficava  usando o celular e quando ia atender algum paciente n√£o conseguia ter um pingo de educa√ß√£o. Decepcionante. 03/10/20
1;No dia 19/06/20 precisei, ir pois sentia dores fortes no abdome, no mesmo dia ja havia passado por um m√©dico onde trabalho na consulta o dr disse que possivelmente era apendicite que eu precisava realizar mais exames,  me direcionei ate a ‚Ä¶
1;Pessoal da recep√ß√£o bem mal educado, todos mexendo no celular enquanto precisava de uma consulta de emerg√™ncia, me mandaram sair e esperar, servi√ßo enrolado demais... Equipe trabalhando bem de m√° vontade.
1;Ningu√©m atende telefone.Est√£o se lixando √†queles que pagam seus sal√°rios. Servi√ßo qualidade padr√£o brasileiro.
3;O atendimento a minha tia foi excelente, mas ficamos esperando das 11 as 20:30 alguma resposta se ela iria ficar internada, perguntamos pra v√°rias pessoas e s√≥ diziam que est√° sendo medicada, deviam ter liberado n√≥s que est√°vamos acompanhando por causa do risco, ficou s√≥ essa pequena falha
5;Vi algumas avalia√ß√µes positivas e outras negativas. No meu caso fui muito bem atendido, tanto pela recepcionista, quanto pela enfermeira que fez a avalia√ß√£o, tanto pela medica Marly Do Rocio, que rapidamente deu seu progn√≥stico, me deu a ‚Ä¶
5;Boa tarde a todos fui pela manh√£ as deis e vinte tentei de pouco tempos de espera fui bem atendido e medicado em seguida.Deus aben√ßoe a todos que a√≠ trabalha.parabens que Continue.sempre.Deus que guarde as fam√≠lias que ficam nas casa...
1;Quase 5 horas para ser atendido muita demora
1;Realmente...ningu√©m atende .E isso √© para perguntar como fica a vacina√ß√£o contra gripe para pessoas de 20,30 40...anos(sem ser para os idosos),e se tem.  Com essa pandemia fica mais dif√≠cil para o atendimento p/ outros setores.
2;Demora no atendimentos
3;Depois que a UPA Matriz foi fechada, essa do Boa Vista come√ßou a ficar sobrecarregada. Pessoas que vem do Centro, dos bairros do norte de Curitiba, al√©m de gente que vem de Colombo, Almireante Tamandar√© pra procurar ajuda. √â √≥bvio que ‚Ä¶
1;ningu√©m atende o telefone quando vc precisa
4;"A infraestrutura n√£o √© das melhores, mas o atendimento √© excelente! Atendente, enfermeira e m√©dico nos atenderam de maneira muito humana e simp√°tica (16/02/20 - 2h - corte na m√£o).
E meu amigo, tenha paci√™ncia! S√≥ a gente sabe o tamanho da nossa dor... e nem sempre temos no√ß√£o da dor do pr√≥ximo! Sa√∫de pra ti! üëä‚ù§Ô∏è"
1;Fico admirada com a falta de humanidade nesse lugar. A recep√ß√£o √© horr√≠vel a pessoa que nos atende que est√° a frente de tudo mal olha na sua cara, olha com deboxe e ainda d√° risada na sua cara, fico pensando como esses tipos de ser humano ‚Ä¶
1;"P√©ssimo atendimento,  aqui percebe-se o quanto o ser humano n√£o tem valor.
Atendentes e m√©dicos totalmente desumanos e sem qualquer sentimento,  rem√©dios nunca existem,  a desculpa √© que est√° no hor√°rio da troca de plant√£o pela imensa demora no atendimento.
Nota zero seria muito pra este lugar."
1;Local demorado mesmo tendo pouca gente n√≠vel de atendimento muito baixo, as pessoas s√£o tratados como gado indo pro abate, concordo que o SUS t√° falido mas quem faz um bom local s√£o seus trabalhadores
1;Pessimo atendimento, incompetencia da parte de todos os medicos a Dra Sarita disse que meus sangramentos na gravidez era normal  o outro medico da sala  06 de plantao o dia 07 se  nego a ME ATENDE OU se quer me dar um atestado pra eu apresentar no trabalho eu vou processar .
1;√â uma vergonha a saude publica, minha esposa esta no UPA desde as 22:00hrs e j√° s√£o 4:30 da manh√£ e meu filho ainda n√£o foi atendido, depois aparece esse bando de politico pedindo voto, cade eles ha esta hora que precisa,
5;"Estive na UPA dia 22/07 e  retornei √† noite ficando at√© 23/07.
Dia 22 pela manh√£ as 06.15 cheguei e fiz todo atendimento at√© as 06.40 nada mal.
A tarde retorno conforme o m√©dico havia falado (Dr. Rodrigo Tanoue)
Sem voz e com um quadro ‚Ä¶"
1;As enfermeiras pltratam as pessoas com desrespeito,ontem passando muito mal ,a enfermeira me tratou como se eu fosse louca , al√©m da demora a falta de respeito , falando comigo como se eu fosse um cachorro ningu√©m merece ,todos temos direito a saude e respeito , l√° n√£o e lugar de um ser humano
4;Fui bem atendido nessa unidade, o atendimento n√£o demorou muito.
1;"P√©ssimo atendimento , a enfermeira tem ainda coragem de falar que depois que passa pela avalia√ß√£o demora 2 horas ou mais para passar pela consulta
A pessoa pode morrer mais eles n√£o atende
S√≥ sabem ficar batendo papo e vendo as teias de aranha t√¥ teto ! Governo lixo"
5;"Por ser sa√∫de p√∫blica em uma Cidade Grande, fomos bem atendidos, m√©dicos que se importaram em fazer exames e tratar.
Um estrela a mais para Dr. Fernanda!"
1;P√©ssimo lugar 4 horas esperando sa√∫de p√∫blica na lama como sempre
1;Ficamos des das 23:00 at√©  6:00 da manh√£.  Tinha apenas um medico atendendo,  e muitas pessoas deitadas no chao. Gente rolando de dor. Acho que √© mal administrado.  Pos numa sexta-feira ter um medico de plant√£o √© nao respeitar o pr√≥ximo.  Ta feio a coisa  prrfeito Rafael greca.
4;Atendimento muito bom e humanizado, por√©m, claramente faltam funcion√°rios, desde profissionais de enfermagem at√© profissionais m√©dicos, o que n√£o d√° conta da enorme demanda.
1;Ningu√©m atende o telefone da UPA
1;Os pediatras n√£o cumprem seu hor√°rio. Saem antes e deixam dezenas de crian√ßas esperando por horas para serem atendidas.
1;Um descaso com a popula√ß√£o, uma demora desde a triagem at√© a consulta, isso que minha m√£e tem press√£o alta e teve uma queda
1;"5 hrs de espera todas as vezes que precisei.
Tr√°gico ver pessoas com dor crian√ßas chorando e nem nguem fazer nada,a n√£o ser passar por n√≥s de 5 em 5 mnt! Realmente triste..."
1;Estou aqui a 4 horas e  meia aguardando atendimento morrendo de dor de cabe√ßa e g com uma toalha na boca pra enxugar a saliva,  isso √© um verdadeiro descaso com as pessoas com dor,  sinceramente secre√ß√£o
1;P√©ssimo atendimento. Os atendentes deveriam ter VERGONHA  na cara, e atenderem com EDUCA√á√ÉO,  os pacientes que ali chegam. Nota ZERO a esses atendentes arrogantes.
1;Li um coment√°rio que estava assim(que ali√°s a pessoa apagou): - adrenalina e riso frouxo, muito legal esse local. Bom acho que a pessoa se confundiu com parque de divers√µes, s√≥ pode. Porque tem um monte de pessoas IDOSAS/CRIAN√áAS e demais ‚Ä¶
5;Precisei de um atendimento odontol√≥gico de urg√™ncia e fui bem atendida. Os profissionais fazem o que est√° ao seu alcance conforme os resursos dispon√≠veis. Bom atendimento
1;Horr√≠vel. Vi um beb√™ chamado Enzo Miguel Feliz esperou quase 4 horas com febre alta e v√¥mito, infec√ß√£o de ouvido porque a enfermeira que fez a avalia√ß√£o acredita que um bebe de 6 meses pode esperar horas sem problemas
5;Atendimento super bom r√°pido eficaz muito  bom melhor do que hac
5;Muito bem atendida
1;Cheguei √†s 21h do dia 21 de junho, uma sexta-feira, sa√≠ dia 22 de junho, √†s 0h, um s√°bado. Marquei consulta para tentar atualizar uma receita de medicamento ansiol√≠tico. O m√©dico que atendia na sala 07, me negou a prescrever receita ‚Ä¶
1;Pessimo atendimento, parece que √© padrao nao ter educa√ß√£o para ser funcion√°rio p√∫blico, nao tem o m√≠nimo respeito respondem sempre de maneira est√∫pida.
5;Fui picada por aranha marrom e o atendimento foi impec√°vel, desde a recep√ß√£o, passando pela triagem, consulta e farm√°cia. Estrutura segura, limpa, organizada e √°gil contando com funcion√°rios prestativos e educados! Meus parab√©ns!
5;As pessoas fazem e se viram como podem..Admiro a garra das pessoas que comp√µe aquele lugar...
5;Bom atendimento muito das veses pessoas buscam atendimento la para pegar atestado vao trabalhar bando de vagabundo
1;Atendimento ruim e descaso
5;Toda vez que precisei fui atendida e ainda ganhei rem√©dio de gra√ßa.
4;Fui bem atendido nesta unidade de pronto atendimento!! Desde a recep√ß√£o, enfermagem e consulta m√©dica üëè est√£o todos de parab√©ns
3;infelizmente este √© o estado que os politicos comunistas deixaram nosso  Brasil, destru√≠ram nosso sistema econ√¥mico e estrutural, e pessoas estao morrendo na fila do SUS por falta de dinheiro desviado  para pa√≠ses comunistas e totalit√°rios, roubados do nosso povo
1;Presenciei um ato o qual √© lastim√°vel dia 25/06 estive no local fiquei com minha filha durante quase 4 horas para conseguir atendimento do nada entra uma senhora de cabelo loiro as 21:10 mexeu no computador das enfermeiras ficou em frente ‚Ä¶
3;"Na madrugada de Sexta para S√°bado 29/06/18 meu pai foi encaminhado para esta unidade. E ainda permanece la. Foi atendimento de emerg√™ncia.
N√£o podemos reclamar do atendimento, No s√°bado passeai a tarde la , presenciei varias situa√ß√µes. ‚Ä¶"
5;√ìtimo atendimento. Minha filha foi picada por uma aranha marrom e por isso fomos ao posto p√∫blico. Al√©m de termos tido a sorte de sermos rapidamente atendidos, deram todos os rem√©dios necess√°rios.
5;Excelente. Atendimento perfeito. Melhor raio x que j√° fiz.
5;Estive na unidade com meu av√¥ e fui muito bem atendida, os funcion√°rios apesar de estar cheio fizeram o poss√≠vel e o imposs√≠vel por ele meu av√¥ saiu com vaga para o hospital ,algo que por morar na regi√£o metropolitana n√£o consegui no meu munic√≠pio
2;Para que que tem telefone nesse lugar voc√™ nem atende !!!!!!!
4;"Fui atendida em 1 hora
Retirei metade do medicamento por que n√£o tinha Dipirona.
M√©dica muito atenciosa obrigada!"
3;S√£o especialistas em aranhas, mas podia ter atendimento telef√¥nico no domingo, j√° que e 24h.
2;Sempre bem cheio...
4;Chegamos no domingo, 22/04/2018, a noite. S√≥ sei que minha filha ficou 10 minutos pra ser chamada para avalia√ß√£o e depois mais uns 20 minutos para consulta... Me surpreendi! O atendimento foi √≥timo, desde a pessoa na recep√ß√£o, um rapaz, a ‚Ä¶
2;Muita demora no atendimento. Faltam profissionais levando em conta procura X capacidade de atendimento. E falta de recursos √© uma desculpa esfarrapada, pois pagamos a quinta maior contribui√ß√£o de impostos do mundo.
3;Sinceramente! Prefiro n√£o conhecer por dentro. N√£o tenho melhores refer√™ncias de amigos que usam.
1;UPA ningu√©m merece estou aqui desde 13:00 j√° s√£o quase 20:00 Sem esperan√ßas no atendimento
1;Horr√≠vel. Voc√™ desiste do atendimento por causa da  imensa demora. Quatro, cinco horas no frio. Melhor sofrer em casa
1;Atendimento muito ruim meu av√î foi atendido muito mal, depois foi com a ambul√Çncia para o Hospital Evangelico, com risco de vida. No outro dia fomos conferir se ele estava l√° e as mulheres da recep√ß√£o n√£o se quer fizeram nem quest√£o de ‚Ä¶
5;Sempre fui bem atendido,dentro das possibilidades dos funcion√°rios
5;Demorado mas servi√ßo de qualidade, e atendimento muito bom
1;Lixo de atendimento. Mais de tr√™s horas esperando. Com fome, pessoas chorando pelos corredores e falta de compaix√£o pelo pr√≥ximo. Fui pra casa passando mal. Melhor que ficar naquele ambiente.
4;Precisei de um atendimento odontol√≥gico. H√° poucos funcion√°rios, ningu√©m atende o telefone, mas o pessoal trabalha. √â ruim porque n√£o h√° triagem. Esperei mais de 2 horas para um atendimento de 5 minutos, mas √© compreens√≠vel. Fui muito bem atendido. O √∫nico problema √© a demora mesmo.
3;Fora o governo que n√£o investe em nada, a UPA √© boa. A demora pro atendimento acontece, mas das vezes que precisei sempre fui melhor atendido do que no pronto atendimento do Maracan√£.
1;Atendimento vergonhoso! Meu pai saiu de l√° pior do que chegou. Reclama de muitas dores na barriga e falaram que n√£o √© nada! Chega a chorar de dor! Acredito que nem exame fizeram, mas falaram que sim! Pedi uma coberta pq estava frio e ‚Ä¶
4;Bom atendimento √© r√°pido na avalia√ß√£o, demora mais na hora de chamar pra consulta, as vezes falta leito, mais os m√©dicos exercem bem o seu papel, est√£o de parab√©ns
1;"Estou h√° quase 6 horas esperando.
Apenas 1 m√©dico atendendo.
Vergonha"
1;Poucos medicos e atendentes ,sempre lotado para pre avalia√ßao demora mais de duas horas vc chega la doente e fica pior s√≥ de ver o sofrimento das pessoas se for caso de muita urgencia procure outro lugar ou morre esperando atendimento.
1;"Seis horas de espera, colocam como casos de prioridade pacientes que s√£o conhecidos de funcion√°rios...
Total falta de respeito!"
1;"Descreva a sua experi√™ncia...
Pois bem..., a pior poss√≠vel.
Nem copo descart√°vel tem pra tomar uma √°gua, tem que ir ao banheiro e tomar na m√£o.
Que dir√° macas pra pacientes com dor ou idosos e etc..., se quiser deita no ch√£o, sempre lotado, ‚Ä¶"
5;Um posto 24 muito bom, com grande profissional  atendentes e m√©dicos sempre fui muito bem atendida.... Tanto eu como minha filha.. . Sempre tivemos atendimento sensacionais s√≥ tenho a agradecer a todos!
1;Estrutura p√©ssima, colaboradores extremamente despreparados sem no√ß√£o que s√£o funcion√°rios da popula√ß√£o. Completo descaso.
1;Se pudesse daria menos 10 estrelas. Muito demorado.
3;Ontem fiquei 4:35 para ser atendido pelo dentista que √© emerg√™ncia, n√£o adiantou nada estou com dor e hoje n√£o tem est√° fechado o 24 h sem nada n√£o sei oque fasso
4;Pode at√© demorar atender,mas atende e se tiver a medica√ß√£o l√°, voc√™ j√° sa√≠ com ela.
1;Falta de estrutura,atendimento falho e hrs sentado para ser avaliado
1;Estou tentando contato ha horas pelo telefone, por√©m esse numero n√£o √© atendido de forma alguma...
1;hoje levei minha filha no upa do boa vista e n√£o tinha dentista
1;O n√∫mero de telefone √© s√≥ pra n√£o dizer que n√£o t√™m, porque ningu√©m atende. Imagino que seja um daqueles telefones que tocam o dia inteiro e ningu√©m d√° bola!
1;Cinquenta pessoas esperam atendimento, somente uma sala m√©dica funciona. Enquanto as outras tr√™s tomam cafezinho! Um absurdo o descaso! E, al√©m de demorar para consulta, receitam o rem√©dio errado! Muita sacanagem com as pessoas que pagam o sal√°rio do sus!
5;√â o UPA que atende mais r√°pido em Curitiba.
1;A pregui√ßa p√∫blica, a sonol√™ncia, a indol√™ncia dos servidores e a incompet√™ncia e pregui√ßa da chefia dos pregui√ßosos impede que o TELEFONE SEJA ATENDIDO!!!
1;Deveriam cancelar a linha telef√¥nica pra economizar nas despesas, pq ningu√©m atende.
5;Minha est√° sendo super bem atendida por inquanto as infermeiras s√£o gente boa
1;P√©ssimo atendimento, poucos funcion√°rios, demorado, desorganizado, n√£o resolveram o problema apresentado.
1;6 horas para ser atendido. Uma vergonha
4;Sempre que precisei fui bem atendida, mas o telefone que est√° no site n√£o atendem.
2;N√ÉO RECOMENDO!!! ü§®
1;atendimento horr√≠vel ...profissionais com pouca de vontade  trabalhar . isso Brasil
1;"Isto √© uma merdaaaaaaaa
TRATAM A GENTE COMO LIXOS
Humilhante"
1;6H PARA SER ATENDIDO!! FALTA DE RESPEITO
1;Demora ao atendimento passa as pessoas bem vestidas na frente.
2;Demora exagerada no atendimento. Necessita de olhar do poder p√∫blico.
5;√ìtimo atendimento
5;Atendimento √≥timo , profissionais muito competente .... Parab√©ns
1;Horrivel e demorado
1;Poir de tds
2;Muita gente... Poucos medicos
1;LIXO - atendimento p√©ssimo
1;Atendimento muito ruim, sempre falta medicamentos.
5;Muito bom, a unidade tem profissionais muito competentes.
4;Bom atendimento.
2;Queria saber pq ningu√©m atende o telefone
1;nibguem atende o telefone,pra q telefone entao?
5;Bom
1;Ningu√©m atende ao telefone.
3;Precisa de mais m√©dicos
3;√ìtimo atendimento. Profissionais atenciosos e competentes.
5;Atendimento odontol√≥gico excelente!!!!
4;Atendimento pedi√°trico muito bom
1;Atendimento demorado
2;Atendimento muito demotado
1;P√âSSIMA EXPERI√äNCIA UM LUGAR COMO COLOMBO N√ÉO TER UM PEDIATRA NA UPA √â UMA VERGONHA, ESSE PREFEITO DEVERIA TER VERGONHA NA CARA E DAR MAIS ATEN√á√ÉO PARA AS CRIAN√áAS DO LUGAR AONDE ELE DIZ SER PREFEITO.  SE POSSIVEL COLOCAR A OP√á√ÉO DE N√ÉO DAR ESTRELA NENHUMA NOS COMENT√ÅRIOS √â UM ABSURDO ISSO.
4;No primeiro atendimento n√£o foi bom, achei a m√©dica com muito descaso para meus sintomas. Minha sorte foi ter trocado o turno enquanto recebia uma medica√ß√£o e a√≠ a Dra. Caroline me atendeu muito profissionalmente e deu in√≠cio a uma longa ‚Ä¶
5;Cheguei aqui muito mau c desmaio vomito e sem fome, fui atendido e encaminado p internamento onde fui bm atendido e tive atencao que em muitos lugares n me deram, estou recuperado e so tenho a agradecer a essa equipe iluminada por DEUS ‚ù§üôè
1;"Vou dar 1estrela pq n√£o consegui dar 0.
Lugar mais horr√≠vel que se pode recorrer, os pacientes s√£o cobaias de futuros t√©cnicos de enfermagem que mal sabem onde est√£o, est√£o totalmente perdidos, sem contar a car√™ncia de profissionais m√©dicos ‚Ä¶"
5;Levei meu pai seu Assis do amaralfiquei admirado pela rapidez do atendimento o m√©dico que o atendeo foi o doutor C√©sar muito bom e competente e a doutora suzana √≥timos profissionais est√£o de parab√©ns continuem assim e esse atendimento que o povo precisa de pessoas que gostam do que fazem
1;Funcion√°rios mal educados, demora no atendimento...nem parece um pronto atendimento, os funcion√°rios em sua grande parte acham que est√£o prestando favor pra popula√ß√£o.. s√≥ piora este local.
5;Minha filha foi atendida em 30 minutos.A atendente, enfermeira e m√©dica foram atenciosas e simp√°ticas. Sa√≠ de l√° com todos os rem√©dios necess√°rios. S√≥ estranhei a m√©dica dar apenas uma declara√ß√£o para o trabalho e escola sendo q ela estava com febre e dor intensa. No mais n√£o tenho queixas
4;Os m√©dicos atendem bem √° gente √° √∫nica coisa √© somente a demora pra ser atendido
1;Pior lugar poss√≠vel, nos da comunidade da regi√£o sofremos ,tratamento horr√≠vel acham que vamos s√≥ pra pega atestado, meu irm√£o tomo um choque, como desconhe√ßo se poderia ter sequela, nos tratam com deboche  triste essa situa√ß√£o.
1;Lixo! seria a palavra certa para definir esse lugar...
5;Excelente atendimento
1;"P√©ssimo, atendimento demorado, f√°rmacia funciona somente aos s√°bados e domingos at√© as 19h, n√£o tem recursos, precisa de mais funcion√°rios em todos os setores da unidade(""sem excess√£o""), e macas. Muito lotado, m√©dia de atendimento √© de 4 a 6h de espera, e necessita ampliar o estacionamento com urg√™ncia."
5;Gostaria  de agradecer  a toda a equipe  dessa madrugada  as 1:30 dia 28/01/2018,ao medico  de plant√£o, fomos  bem atendido  e minha esposa  e meu  filho  com febre ,falta de ar meu filho com garganta  infeccionada  minha  esposa  com ‚Ä¶
5;Gostaria de registrar o excelente atendimento prestado pela Dra Ana Paula Lombardi na UPA Alto Maracan√£ realizado na manh√£ do dia 20.06.18.
2;Triste, ruim e demorado
5;Bom fui muito bem atendido em pouco tempo,  profissionais excelentes.
1;Que horror esse lugar, p√©ssimo atendimento, 50 pessoas pra um m√©dico atender, que lixo... Sa√∫de p√∫blica uma vergonha como sempre. sa√≠ de l√° sem atendimento pois n√£o podia esperar mais.
1;Muita gente entrando e ninguem saindo,  ou seja,  n√£o tem atendimento,  est√° parado,  em caso de emerg√™ncia esse local √© in√∫til
4;Fui no per√≠odo da manh√£, o posto estava vazio, fui atendida em menos de meia hora, a m√©dica me atendeu bem, n√£o tenho do que reclamar.
1;Bom fiquei muito tempo na fila de espera com minha filha com febre nao  foi uma experi√™ncia  muito boa
1;Atendimento muito demorado ,poucos m√©dicos, sem estrutura para atender todo mundo durante o dia perman√™ncia de espera 4 h
1;Este lugar √© complicado... Se vc estiver precisando muito de um atendimento m√©dico... Fuja deste lugar.
1;Horrivel. Fui m√™s passado, esperei 6h pelo atendimento e desisti, voltei embora. Estrutura ruim, atendimento ruim.
3;Por favor poderiam me dizer onde encontro o dr Antoninho?
1;P√©ssimo atendimento chega a mais de 9 horas para ser atendido.
3;Oi gostaria de saber o telefone do posto de sa√∫de maracan√£.
1;P√©ssimo
1;Precisa de mais recursos!
